{"mean": [50.20261689477465, 98.61105020734679, 2.021921579301461, 75.505266931996], "scale": [9.539982833588128, 19.501830799242523, 0.49551828623189165, 9.827492175013331]}